Title,Author,First publish Year
The Lord of the Rings,J.R.R. Tolkien,1954
The fellowship of the ring,J.R.R. Tolkien,1954
The Two Towers,J.R.R. Tolkien,1954
Novels (Hobbit / Lord of the Rings),J.R.R. Tolkien,1979
The Hobbit,J.R.R. Tolkien,1937
Official the lôrd of the Rîngs 2022 Calendar,The Lord Of The Rings Publishing,2021
The Lord of the Rings,"Chris Conkling, Peter S. Beagle",1979
Bored of the Rings,"Henry Beard, Harvard Lampoon, Douglas C. Kenney, Jean Little, Jim Meskimen",1969
The Lord of the Rings,Patrick Gardner,2002
The lord of the rings,Brian Sibley,2001
The Lord of the Ring,"Phil Anderson, Philip A. Anderson",2006
The Return of the King,J.R.R. Tolkien,1950
The Lord of the Rings Trilogy,Cedco Publishing,2004
THE LORD OF THE RINGS,N/A,2003
The Lord of the Rings,N/A,N/A
The Lord of the Rings - The Two Towers,"Alessio Cavatore, Rick Priestley",2003
The Lord of the Rings,N/A,2012
The Lord of the Rings,Elijah Wood,N/A
The Lord of the Rings,"Liv Tyler, Cate Blanchett, Jackson, Peter",2002
The lord of the rings,"Wayne G. Hammond, Christina Scull",2005
Poems from The lord of the rings,J.R.R. Tolkien,1994
The Lord of the Rings,Wendy Conklin,N/A
The lord of the rings,Jude Fisher,2001
The Lord of the Rings,J.R.R. Tolkein,1978
The Lord of the Rings,Brian Sibley,2002
The Lord of the Rings,Ian Brodie,2003
The Lord of the Rings,New Line Cinema,2014
The Lord of the Rings / The Hobbit,Coles Editorial Board,1979
The Lord of the Rings,N/A,N/A
The War of the Ring,"J.R.R. Tolkien, Christopher Tolkien",1990
The Lord of the Rings,Elijah Wood,2010
Art of the Lord of the Rings,Andrews McMeel Publishing,2005
The Lord of the rings online,Michael Searle,2007
The Return of the Shadow,J.R.R. Tolkien,1988
The Lord of the Rings and Catholicism,Madeleine Dobrowski,2023
"The lord of the rings, J.R.R. Tolkien",Patrick Gardner,2002
"The lord of the rings, J.R.R. Tolkien",Patrick Gardner,2002
The Lord of the rings location guidebook,Ian Brodie,2002
"The lord of the rings, J.R.R. Tolkien",Patrick Gardner,2002
The Lord of the Rings,Ernest Mathijs,2006
Study Guide,SuperSummary,2017
Finding God in the Lord of the Rings,"Kurt Bruner, Jim Ware",2003
The Lord Of The Rings TCG,Various,2004
The Lord of the Rings location guidebook,Ian Brodie,2002
Understanding The lord of the rings,"Rose A. Zimbardo, Neil David Isaacs, Neil D. Isaacs",2004
Lord of the Rings Trivia : the Lord of the Rings Facts and Quizzes,Taylor MAELEE,2021
Lord of the Rings Film Facts : Everything for the Lord of the Rings Fans,Butcher MARTESHA,2021
The Lord of the Rings Sketchbook,Alan Lee,2005
Studying the Lord of the Rings,Anna Dawson,2014
The Lord of the Rings,"Jane Chance, Jane Chance",1992
The Lord Of The Rings' Metaphors,Rolf A. F. Witzsche,2004
"The ""Lord of the Rings"" Oracle",Terry Donaldson,2001
The Lord of the rings tarot,Terry Donaldson,1997
"The ""Lord of the Rings"" Sketchbook",Alan Lee,2005
The Lord of the Rings Journal,Cedco Publishing,2002
"Studying the ""Lord of the Rings""",Anna Dawson,2006
The Tolkien Relation,"William Bernard Ready, William Ready, William Bernard Ready, William ready",1968
"The Lord of the Rings, Part 1",J.R.R. Tolkien,2002
Watching the Lord of the rings,Martin Barker,N/A
Watching the Lord of the rings,"Martin Barker, Ernest Mathijs",2007
The Lord Of The Rings Part One,"J.R.R. Tolkien, Full Cast, Ian Holm, Michael Hordern, Robert Stephens",2001
The Lord of the Rings,Rick Priestly,2001
The Lord of the Rings and The Hobbit,Gene B. Hardy,1977
The Lord of the Rings / The Hobbit,Coles Editorial Board,1979
Tolkien's The Lord of the Rings and The hobbit,Gene B. Hardy,1977
The Lord of the Rings,Ted Nasmith,2000
Art of the Lord of the Rings,"J.R.R. Tolkien, Wayne G. Hammond, Christina Scull",2015
The lords of the rings,"Vyv Simson, Andrew Jennings",1992
The Lord of the rings location guidebook,Ian Brodie,2003
Reading The lord of the rings,Robert Eaglestone,2006
The QPB companion to The Lord of the rings,Brandon Geist,2001
Tolkien and the Lord of the rings,Colin Duriez,2001
"The Lord of the Rings, The Hobbit",Coles Editorial Board,2003
Tolkien's The Lord of the Rings,"Stratford Caldecott, Thomas Honegger",2008
Tolkien,"Lin Carter, Lyn Carter",1969
Understanding The lord of the rings,"Ted Hodges, Donato Giancola",2003
The Lord of the Rings - War of the Ring,Mark Cohen,2003
History of the Lord of the Rings,Christopher Tolkien,2002
The Lord of the Rings,David Brawn,2002
The Lord of the Rings. Appendices,J.R.R. Tolkien,1999
The Lord of the Rings The Fellowship of the Ring Photo Guide,Alison Sage,2001
The Lord of the Rings Box Set,N/A,N/A
Who is the Lord of the Ring?,Ray Comfort,2002
The Art of The Lord of the Rings,Gary Russell,2004
Discovering the Lord of the Rings World : Questions and Answers on All Things the Lord of the Rings,Gilbert Cicconi,2021
"Myth, Symbol & religion in The lord of the rings",Sandra Miesel,1973
Essays on the Lord of the Rings,Patrick McEvoy-Halston,2017
The Lord of The Rings - A Celebration,N/A,N/A
Friendship in the Lord of the Rings,Cristina Casagrande,2022
The Lord of the Rings [Japanese Edition],Yoshida Hiroshi,2002
Tolkien,A. E. Dyson,1985
The Lord of the Rings Big Note,Carol Matz,2010
"Willie DeWit, the lord of the ring",Michael Beaudin,1984
THE LORD OF THE RINGS - DE REISGENOTEN,N/A,N/A
THE LORD OF THE RINGS - DE REISGENOTEN,N/A,N/A
THE LORD OF THE RINGS - DE REISGENOTEN,N/A,N/A
The Lord of the Rings Journal (Black),Cedco Publishing,2002
The Lord of the Rings Journal (Green),Cedco Publishing,2002
The lord of the rings,Andy Serkis,2003
Form and content in The Lord of the rings,Ruth Elizabeth McLellan,1968
